dur,spkts,dpkts,sbytes,dbytes,rate,sttl,dttl,sload,dload
1.1e-05,2,0,496,0,90909.0902,254,0,180363632.0,0.0
8e-06,2,0,1762,0,125000.0003,254,0,881000000.0,0.0
5e-06,2,0,1068,0,200000.0051,254,0,854400000.0,0.0
6e-06,2,0,900,0,166666.6608,254,0,600000000.0,0.0
1e-05,2,0,2126,0,100000.0025,254,0,850400000.0,0.0
3e-06,2,0,784,0,333333.3215,254,0,1045333312.0,0.0
6e-06,2,0,1960,0,166666.6608,254,0,1306666624.0,0.0
2.8e-05,2,0,1384,0,35714.28522,254,0,197714288.0,0.0
0.0,1,0,46,0,0.0,0,0,0.0,0.0
0.0,1,0,46,0,0.0,0,0,0.0,0.0
0.0,1,0,46,0,0.0,0,0,0.0,0.0
0.0,1,0,46,0,0.0,0,0,0.0,0.0
4e-06,2,0,1454,0,250000.0006,254,0,1454000000.0,0.0
7e-06,2,0,2062,0,142857.1409,254,0,1178285696.0,0.0
1.1e-05,2,0,2040,0,90909.0902,254,0,741818176.0,0.0
4e-06,2,0,1052,0,250000.0006,254,0,1052000000.0,0.0
3e-06,2,0,314,0,333333.3215,254,0,418666656.0,0.0
1e-05,2,0,1774,0,100000.0025,254,0,709600000.0,0.0
2e-06,2,0,1568,0,500000.0013,254,0,3136000000.0,0.0
4e-06,2,0,2054,0,250000.0006,254,0,2054000000.0,0.0
1e-05,2,0,2170,0,100000.0025,254,0,868000000.0,0.0
9e-06,2,0,202,0,111111.1072,254,0,89777776.0,0.0
1e-05,2,0,1334,0,100000.0025,254,0,533600000.0,0.0
5e-06,2,0,2058,0,200000.0051,254,0,1646400000.0,0.0
3e-06,2,0,286,0,333333.3215,254,0,381333312.0,0.0
7e-06,2,0,1500,0,142857.1409,254,0,857142848.0,0.0
6e-06,2,0,902,0,166666.6608,254,0,601333312.0,0.0
2e-06,2,0,1626,0,500000.0013,254,0,3252000000.0,0.0
7e-06,2,0,364,0,142857.1409,254,0,208000000.0,0.0
1.434166,10,6,530,268,10.459041,254,252,2660.780029,1249.506714
7e-06,2,0,730,0,142857.1409,254,0,417142848.0,0.0
1.924287,10,8,530,354,8.834441,254,252,1983.072266,1288.789062
2.773779,14,8,7954,354,7.570899,254,252,21302.3457,894.087097
1e-05,2,0,794,0,100000.0025,254,0,317600000.0,0.0
1.465041,10,8,2516,354,11.60377,254,252,12368.25391,1692.7854
0.983874,10,8,816,1172,17.278635,62,252,5976.375,8342.53125
0.714182,10,6,534,268,21.003049,254,252,5387.982422,2509.164307
59.995674,2,0,92,0,0.016668,0,0,6.133776,0.0
59.995678,2,0,92,0,0.016668,0,0,6.133775,0.0
59.995674,2,0,92,0,0.016668,0,0,6.133776,0.0
1.535254,10,10,826,1266,12.375802,62,252,3876.882812,5940.385254
59.995678,2,0,92,0,0.016668,0,0,6.133775,0.0
0.757295,10,6,534,268,19.80734,254,252,5081.243164,2366.316895
0.759306,10,8,534,354,22.388865,254,252,5067.785645,3266.140381
1.294036,10,8,2516,354,13.137192,254,252,14002.70117,1916.484497
1.059359,10,8,830,1134,16.047441,62,252,5641.147461,7498.874512
0.624048,10,6,534,268,24.036613,254,252,6166.192383,2871.573975
1.190292,10,8,2516,354,14.28221,254,252,15223.15527,2083.522461
0.999472,10,6,534,268,15.007924,254,252,3850.032715,1792.946655
0.990548,10,10,804,1414,19.181301,62,252,5847.268066,10281.17773
0.655618,10,6,534,268,22.879176,254,252,5869.271484,2733.298828
0.810167,10,8,2516,354,20.983328,254,252,22365.75781,3061.097168
14.846565,22,0,990,0,1.414469,254,0,509.208679,0.0
14.846565,22,0,990,0,1.414469,254,0,509.208679,0.0
14.846565,22,0,990,0,1.414469,254,0,509.208679,0.0
1.588788,10,6,534,268,9.441159,254,252,2421.971924,1127.903809
1.151373,10,8,2516,354,14.76498,254,252,15737.73145,2153.949951
14.355273,20,0,900,0,1.323555,254,0,476.47995,0.0
14.355273,20,0,900,0,1.323555,254,0,476.47995,0.0
14.355273,20,0,900,0,1.323555,254,0,476.47995,0.0
15.53235,20,0,900,0,1.223253,254,0,440.371246,0.0
15.590977,20,0,900,0,1.218654,254,0,438.715302,0.0
15.53235,20,0,900,0,1.223253,254,0,440.371246,0.0
15.53235,20,0,900,0,1.223253,254,0,440.371246,0.0
15.590977,20,0,900,0,1.218654,254,0,438.715302,0.0
15.590977,20,0,900,0,1.218654,254,0,438.715302,0.0
1.074494,10,8,2516,354,15.821401,254,252,16863.75195,2308.063232
15.979696,18,0,810,0,1.06385,254,0,382.985992,0.0
15.226356,18,0,810,0,1.116485,254,0,401.934662,0.0
15.979696,18,0,810,0,1.06385,254,0,382.985992,0.0
15.226356,18,0,810,0,1.116485,254,0,401.934662,0.0
15.979696,18,0,810,0,1.06385,254,0,382.985992,0.0
1.303518,12,8,898,1120,14.575939,62,252,5057.083984,6014.492676
15.226356,18,0,810,0,1.116485,254,0,401.934662,0.0
15.374568,16,0,720,0,0.975637,254,0,351.22937,0.0
15.374568,16,0,720,0,0.975637,254,0,351.22937,0.0
15.374568,16,0,720,0,0.975637,254,0,351.22937,0.0
0.582389,10,6,534,268,25.755981,254,252,6607.267578,3076.981201
16.448053,14,0,630,0,0.790367,254,0,284.532166,0.0
16.76671,14,0,630,0,0.775346,254,0,279.124512,0.0
16.76671,14,0,630,0,0.775346,254,0,279.124512,0.0
15.40279,14,0,630,0,0.844003,254,0,303.841064,0.0
16.448053,14,0,630,0,0.790367,254,0,284.532166,0.0
2.462774,10,8,2516,354,6.902785,254,252,7357.556641,1006.994507
1.047169,10,8,534,354,16.234247,254,252,3674.669678,2368.290283
16.76671,14,0,630,0,0.775346,254,0,279.124512,0.0
16.448053,14,0,630,0,0.790367,254,0,284.532166,0.0
15.40279,14,0,630,0,0.844003,254,0,303.841064,0.0
15.40279,14,0,630,0,0.844003,254,0,303.841064,0.0
2.417396,12,10,896,1142,8.687033,62,252,2720.282471,3402.007568
16.044233,12,0,540,0,0.685605,254,0,246.817657,0.0
16.352577,12,0,540,0,0.672677,254,0,242.163666,0.0
16.044233,12,0,540,0,0.685605,254,0,246.817657,0.0
16.352577,12,0,540,0,0.672677,254,0,242.163666,0.0
16.352577,12,0,540,0,0.672677,254,0,242.163666,0.0
16.044233,12,0,540,0,0.685605,254,0,246.817657,0.0
0.664512,10,6,534,268,22.572957,254,252,5790.71582,2696.71582
0.860208,10,6,534,268,17.437643,254,252,4473.336914,2083.217041
15.102544,10,0,450,0,0.595926,254,0,214.533401,0.0
1.979445,10,10,810,1228,9.59865,62,252,2946.280518,4469.939941
